"FullName","Name","BaseName","Extension","Length"
"H:\BaiduNetdiskDownload\烧烤外卖套图\08（156张）推荐！！！！\五花肉.jpg","五花肉.jpg","五花肉",".jpg","474800"
"H:\BaiduNetdiskDownload\烧烤外卖套图\08（156张）推荐！！！！\即刻素材 (1).jpg","即刻素材 (1).jpg","即刻素材 (1)",".jpg","1487600"
"H:\BaiduNetdiskDownload\烧烤外卖套图\08（156张）推荐！！！！\即刻素材 (10).JPG","即刻素材 (10).JPG","即刻素材 (10)",".JPG","970997"
"H:\BaiduNetdiskDownload\烧烤外卖套图\08（156张）推荐！！！！\即刻素材 (11).JPG","即刻素材 (11).JPG","即刻素材 (11)",".JPG","1333723"
"H:\BaiduNetdiskDownload\烧烤外卖套图\08（156张）推荐！！！！\即刻素材 (112).JPG","即刻素材 (112).JPG","即刻素材 (112)",".JPG","1550684"
"H:\BaiduNetdiskDownload\烧烤外卖套图\08（156张）推荐！！！！\即刻素材 (117).JPG","即刻素材 (117).JPG","即刻素材 (117)",".JPG","912122"
"H:\BaiduNetdiskDownload\烧烤外卖套图\08（156张）推荐！！！！\即刻素材 (118).JPG","即刻素材 (118).JPG","即刻素材 (118)",".JPG","858879"
"H:\BaiduNetdiskDownload\烧烤外卖套图\08（156张）推荐！！！！\即刻素材 (119).jpg","即刻素材 (119).jpg","即刻素材 (119)",".jpg","323528"
"H:\BaiduNetdiskDownload\烧烤外卖套图\08（156张）推荐！！！！\即刻素材 (12).jpg","即刻素材 (12).jpg","即刻素材 (12)",".jpg","1418052"
"H:\BaiduNetdiskDownload\烧烤外卖套图\08（156张）推荐！！！！\即刻素材 (124).jpg","即刻素材 (124).jpg","即刻素材 (124)",".jpg","1622859"
"H:\BaiduNetdiskDownload\烧烤外卖套图\08（156张）推荐！！！！\即刻素材 (125).jpg","即刻素材 (125).jpg","即刻素材 (125)",".jpg","1381253"
"H:\BaiduNetdiskDownload\烧烤外卖套图\08（156张）推荐！！！！\即刻素材 (13).jpg","即刻素材 (13).jpg","即刻素材 (13)",".jpg","837501"
"H:\BaiduNetdiskDownload\烧烤外卖套图\08（156张）推荐！！！！\即刻素材 (14)(1)(1).jpg","即刻素材 (14)(1)(1).jpg","即刻素材 (14)(1)(1)",".jpg","1623045"
"H:\BaiduNetdiskDownload\烧烤外卖套图\08（156张）推荐！！！！\即刻素材 (14)(1).jpg","即刻素材 (14)(1).jpg","即刻素材 (14)(1)",".jpg","3050141"
"H:\BaiduNetdiskDownload\烧烤外卖套图\08（156张）推荐！！！！\即刻素材 (14).jpg","即刻素材 (14).jpg","即刻素材 (14)",".jpg","961880"
"H:\BaiduNetdiskDownload\烧烤外卖套图\08（156张）推荐！！！！\即刻素材 (15).jpg","即刻素材 (15).jpg","即刻素材 (15)",".jpg","1084954"
"H:\BaiduNetdiskDownload\烧烤外卖套图\08（156张）推荐！！！！\即刻素材 (16)(1).jpg","即刻素材 (16)(1).jpg","即刻素材 (16)(1)",".jpg","3521965"
"H:\BaiduNetdiskDownload\烧烤外卖套图\08（156张）推荐！！！！\即刻素材 (16).jpg","即刻素材 (16).jpg","即刻素材 (16)",".jpg","1021867"
"H:\BaiduNetdiskDownload\烧烤外卖套图\08（156张）推荐！！！！\即刻素材 (17).jpg","即刻素材 (17).jpg","即刻素材 (17)",".jpg","2087815"
"H:\BaiduNetdiskDownload\烧烤外卖套图\08（156张）推荐！！！！\即刻素材 (18).jpg","即刻素材 (18).jpg","即刻素材 (18)",".jpg","7127301"
"H:\BaiduNetdiskDownload\烧烤外卖套图\08（156张）推荐！！！！\即刻素材 (19)(1).jpg","即刻素材 (19)(1).jpg","即刻素材 (19)(1)",".jpg","1924354"
"H:\BaiduNetdiskDownload\烧烤外卖套图\08（156张）推荐！！！！\即刻素材 (19).jpg","即刻素材 (19).jpg","即刻素材 (19)",".jpg","1981790"
"H:\BaiduNetdiskDownload\烧烤外卖套图\08（156张）推荐！！！！\即刻素材 (2).jpg","即刻素材 (2).jpg","即刻素材 (2)",".jpg","1740557"
"H:\BaiduNetdiskDownload\烧烤外卖套图\08（156张）推荐！！！！\即刻素材 (20).jpg","即刻素材 (20).jpg","即刻素材 (20)",".jpg","9130725"
"H:\BaiduNetdiskDownload\烧烤外卖套图\08（156张）推荐！！！！\即刻素材 (21)(1).jpg","即刻素材 (21)(1).jpg","即刻素材 (21)(1)",".jpg","948667"
"H:\BaiduNetdiskDownload\烧烤外卖套图\08（156张）推荐！！！！\即刻素材 (21).jpg","即刻素材 (21).jpg","即刻素材 (21)",".jpg","11265749"
"H:\BaiduNetdiskDownload\烧烤外卖套图\08（156张）推荐！！！！\即刻素材 (22).jpg","即刻素材 (22).jpg","即刻素材 (22)",".jpg","13746782"
"H:\BaiduNetdiskDownload\烧烤外卖套图\08（156张）推荐！！！！\即刻素材 (23)(1).jpg","即刻素材 (23)(1).jpg","即刻素材 (23)(1)",".jpg","19381256"
"H:\BaiduNetdiskDownload\烧烤外卖套图\08（156张）推荐！！！！\即刻素材 (23).jpg","即刻素材 (23).jpg","即刻素材 (23)",".jpg","11409413"
"H:\BaiduNetdiskDownload\烧烤外卖套图\08（156张）推荐！！！！\即刻素材 (24).jpg","即刻素材 (24).jpg","即刻素材 (24)",".jpg","12162860"
"H:\BaiduNetdiskDownload\烧烤外卖套图\08（156张）推荐！！！！\即刻素材 (25)(1).jpg","即刻素材 (25)(1).jpg","即刻素材 (25)(1)",".jpg","1506974"
"H:\BaiduNetdiskDownload\烧烤外卖套图\08（156张）推荐！！！！\即刻素材 (25).jpg","即刻素材 (25).jpg","即刻素材 (25)",".jpg","7143177"
"H:\BaiduNetdiskDownload\烧烤外卖套图\08（156张）推荐！！！！\即刻素材 (26).jpg","即刻素材 (26).jpg","即刻素材 (26)",".jpg","7632517"
"H:\BaiduNetdiskDownload\烧烤外卖套图\08（156张）推荐！！！！\即刻素材 (27).jpg","即刻素材 (27).jpg","即刻素材 (27)",".jpg","5330052"
"H:\BaiduNetdiskDownload\烧烤外卖套图\08（156张）推荐！！！！\即刻素材 (28)(1).jpg","即刻素材 (28)(1).jpg","即刻素材 (28)(1)",".jpg","5216637"
"H:\BaiduNetdiskDownload\烧烤外卖套图\08（156张）推荐！！！！\即刻素材 (28).JPG","即刻素材 (28).JPG","即刻素材 (28)",".JPG","1710446"
"H:\BaiduNetdiskDownload\烧烤外卖套图\08（156张）推荐！！！！\即刻素材 (29).jpg","即刻素材 (29).jpg","即刻素材 (29)",".jpg","5282407"
"H:\BaiduNetdiskDownload\烧烤外卖套图\08（156张）推荐！！！！\即刻素材 (3)(1).jpg","即刻素材 (3)(1).jpg","即刻素材 (3)(1)",".jpg","2063764"
"H:\BaiduNetdiskDownload\烧烤外卖套图\08（156张）推荐！！！！\即刻素材 (3).jpg","即刻素材 (3).jpg","即刻素材 (3)",".jpg","2151563"
"H:\BaiduNetdiskDownload\烧烤外卖套图\08（156张）推荐！！！！\即刻素材 (30)(1).jpg","即刻素材 (30)(1).jpg","即刻素材 (30)(1)",".jpg","18081745"
"H:\BaiduNetdiskDownload\烧烤外卖套图\08（156张）推荐！！！！\即刻素材 (30)(2).jpg","即刻素材 (30)(2).jpg","即刻素材 (30)(2)",".jpg","1512544"
"H:\BaiduNetdiskDownload\烧烤外卖套图\08（156张）推荐！！！！\即刻素材 (30).jpg","即刻素材 (30).jpg","即刻素材 (30)",".jpg","4828994"
"H:\BaiduNetdiskDownload\烧烤外卖套图\08（156张）推荐！！！！\即刻素材 (31)(1).jpg","即刻素材 (31)(1).jpg","即刻素材 (31)(1)",".jpg","19831232"
"H:\BaiduNetdiskDownload\烧烤外卖套图\08（156张）推荐！！！！\即刻素材 (31).jpg","即刻素材 (31).jpg","即刻素材 (31)",".jpg","9211227"
"H:\BaiduNetdiskDownload\烧烤外卖套图\08（156张）推荐！！！！\即刻素材 (32)(1).jpg","即刻素材 (32)(1).jpg","即刻素材 (32)(1)",".jpg","19249496"
"H:\BaiduNetdiskDownload\烧烤外卖套图\08（156张）推荐！！！！\即刻素材 (32).jpg","即刻素材 (32).jpg","即刻素材 (32)",".jpg","3834901"
"H:\BaiduNetdiskDownload\烧烤外卖套图\08（156张）推荐！！！！\即刻素材 (33)(1).jpg","即刻素材 (33)(1).jpg","即刻素材 (33)(1)",".jpg","22442451"
"H:\BaiduNetdiskDownload\烧烤外卖套图\08（156张）推荐！！！！\即刻素材 (33).jpg","即刻素材 (33).jpg","即刻素材 (33)",".jpg","2278342"
"H:\BaiduNetdiskDownload\烧烤外卖套图\08（156张）推荐！！！！\即刻素材 (34).jpg","即刻素材 (34).jpg","即刻素材 (34)",".jpg","2072876"
"H:\BaiduNetdiskDownload\烧烤外卖套图\08（156张）推荐！！！！\即刻素材 (35).jpg","即刻素材 (35).jpg","即刻素材 (35)",".jpg","2376931"
"H:\BaiduNetdiskDownload\烧烤外卖套图\08（156张）推荐！！！！\即刻素材 (36).jpg","即刻素材 (36).jpg","即刻素材 (36)",".jpg","2821396"
"H:\BaiduNetdiskDownload\烧烤外卖套图\08（156张）推荐！！！！\即刻素材 (37)(1).jpg","即刻素材 (37)(1).jpg","即刻素材 (37)(1)",".jpg","933587"
"H:\BaiduNetdiskDownload\烧烤外卖套图\08（156张）推荐！！！！\即刻素材 (37).JPG","即刻素材 (37).JPG","即刻素材 (37)",".JPG","744114"
"H:\BaiduNetdiskDownload\烧烤外卖套图\08（156张）推荐！！！！\即刻素材 (38).jpg","即刻素材 (38).jpg","即刻素材 (38)",".jpg","1577499"
"H:\BaiduNetdiskDownload\烧烤外卖套图\08（156张）推荐！！！！\即刻素材 (39).jpg","即刻素材 (39).jpg","即刻素材 (39)",".jpg","1535508"
"H:\BaiduNetdiskDownload\烧烤外卖套图\08（156张）推荐！！！！\即刻素材 (4).jpg","即刻素材 (4).jpg","即刻素材 (4)",".jpg","1555125"
"H:\BaiduNetdiskDownload\烧烤外卖套图\08（156张）推荐！！！！\即刻素材 (40).jpg","即刻素材 (40).jpg","即刻素材 (40)",".jpg","736947"
"H:\BaiduNetdiskDownload\烧烤外卖套图\08（156张）推荐！！！！\即刻素材 (41).jpg","即刻素材 (41).jpg","即刻素材 (41)",".jpg","1621485"
"H:\BaiduNetdiskDownload\烧烤外卖套图\08（156张）推荐！！！！\即刻素材 (42).jpg","即刻素材 (42).jpg","即刻素材 (42)",".jpg","1104527"
"H:\BaiduNetdiskDownload\烧烤外卖套图\08（156张）推荐！！！！\即刻素材 (43)(1).jpg","即刻素材 (43)(1).jpg","即刻素材 (43)(1)",".jpg","890224"
"H:\BaiduNetdiskDownload\烧烤外卖套图\08（156张）推荐！！！！\即刻素材 (43).JPG","即刻素材 (43).JPG","即刻素材 (43)",".JPG","1659485"
"H:\BaiduNetdiskDownload\烧烤外卖套图\08（156张）推荐！！！！\即刻素材 (44)(1).jpg","即刻素材 (44)(1).jpg","即刻素材 (44)(1)",".jpg","1610742"
"H:\BaiduNetdiskDownload\烧烤外卖套图\08（156张）推荐！！！！\即刻素材 (44).JPG","即刻素材 (44).JPG","即刻素材 (44)",".JPG","1418711"
"H:\BaiduNetdiskDownload\烧烤外卖套图\08（156张）推荐！！！！\即刻素材 (45).jpg","即刻素材 (45).jpg","即刻素材 (45)",".jpg","1394009"
"H:\BaiduNetdiskDownload\烧烤外卖套图\08（156张）推荐！！！！\即刻素材 (46).jpg","即刻素材 (46).jpg","即刻素材 (46)",".jpg","1549155"
"H:\BaiduNetdiskDownload\烧烤外卖套图\08（156张）推荐！！！！\即刻素材 (47).jpg","即刻素材 (47).jpg","即刻素材 (47)",".jpg","2051691"
"H:\BaiduNetdiskDownload\烧烤外卖套图\08（156张）推荐！！！！\即刻素材 (48)(1).jpg","即刻素材 (48)(1).jpg","即刻素材 (48)(1)",".jpg","417150"
"H:\BaiduNetdiskDownload\烧烤外卖套图\08（156张）推荐！！！！\即刻素材 (48).jpg","即刻素材 (48).jpg","即刻素材 (48)",".jpg","1637197"
"H:\BaiduNetdiskDownload\烧烤外卖套图\08（156张）推荐！！！！\即刻素材 (49).jpg","即刻素材 (49).jpg","即刻素材 (49)",".jpg","1656272"
"H:\BaiduNetdiskDownload\烧烤外卖套图\08（156张）推荐！！！！\即刻素材 (5)(1).jpg","即刻素材 (5)(1).jpg","即刻素材 (5)(1)",".jpg","1395035"
"H:\BaiduNetdiskDownload\烧烤外卖套图\08（156张）推荐！！！！\即刻素材 (5).jpg","即刻素材 (5).jpg","即刻素材 (5)",".jpg","2126245"
"H:\BaiduNetdiskDownload\烧烤外卖套图\08（156张）推荐！！！！\即刻素材 (50)(1).jpg","即刻素材 (50)(1).jpg","即刻素材 (50)(1)",".jpg","1482922"
"H:\BaiduNetdiskDownload\烧烤外卖套图\08（156张）推荐！！！！\即刻素材 (50).JPG","即刻素材 (50).JPG","即刻素材 (50)",".JPG","837706"
"H:\BaiduNetdiskDownload\烧烤外卖套图\08（156张）推荐！！！！\即刻素材 (51).jpg","即刻素材 (51).jpg","即刻素材 (51)",".jpg","11587701"
"H:\BaiduNetdiskDownload\烧烤外卖套图\08（156张）推荐！！！！\即刻素材 (52).jpg","即刻素材 (52).jpg","即刻素材 (52)",".jpg","1499842"
"H:\BaiduNetdiskDownload\烧烤外卖套图\08（156张）推荐！！！！\即刻素材 (53)(1).jpg","即刻素材 (53)(1).jpg","即刻素材 (53)(1)",".jpg","2597658"
"H:\BaiduNetdiskDownload\烧烤外卖套图\08（156张）推荐！！！！\即刻素材 (53).jpg","即刻素材 (53).jpg","即刻素材 (53)",".jpg","751679"
"H:\BaiduNetdiskDownload\烧烤外卖套图\08（156张）推荐！！！！\即刻素材 (54)(1).jpg","即刻素材 (54)(1).jpg","即刻素材 (54)(1)",".jpg","1841008"
"H:\BaiduNetdiskDownload\烧烤外卖套图\08（156张）推荐！！！！\即刻素材 (54).jpg","即刻素材 (54).jpg","即刻素材 (54)",".jpg","1376118"
"H:\BaiduNetdiskDownload\烧烤外卖套图\08（156张）推荐！！！！\即刻素材 (55).jpg","即刻素材 (55).jpg","即刻素材 (55)",".jpg","892380"
"H:\BaiduNetdiskDownload\烧烤外卖套图\08（156张）推荐！！！！\即刻素材 (56)(1).jpg","即刻素材 (56)(1).jpg","即刻素材 (56)(1)",".jpg","1771837"
"H:\BaiduNetdiskDownload\烧烤外卖套图\08（156张）推荐！！！！\即刻素材 (56).jpg","即刻素材 (56).jpg","即刻素材 (56)",".jpg","931555"
"H:\BaiduNetdiskDownload\烧烤外卖套图\08（156张）推荐！！！！\即刻素材 (57).jpg","即刻素材 (57).jpg","即刻素材 (57)",".jpg","1350574"
"H:\BaiduNetdiskDownload\烧烤外卖套图\08（156张）推荐！！！！\即刻素材 (58)(1).jpg","即刻素材 (58)(1).jpg","即刻素材 (58)(1)",".jpg","2596164"
"H:\BaiduNetdiskDownload\烧烤外卖套图\08（156张）推荐！！！！\即刻素材 (58).jpg","即刻素材 (58).jpg","即刻素材 (58)",".jpg","1429696"
"H:\BaiduNetdiskDownload\烧烤外卖套图\08（156张）推荐！！！！\即刻素材 (59).jpg","即刻素材 (59).jpg","即刻素材 (59)",".jpg","1613646"
"H:\BaiduNetdiskDownload\烧烤外卖套图\08（156张）推荐！！！！\即刻素材 (6).JPG","即刻素材 (6).JPG","即刻素材 (6)",".JPG","1421162"
"H:\BaiduNetdiskDownload\烧烤外卖套图\08（156张）推荐！！！！\即刻素材 (60)(1).jpg","即刻素材 (60)(1).jpg","即刻素材 (60)(1)",".jpg","2158281"
"H:\BaiduNetdiskDownload\烧烤外卖套图\08（156张）推荐！！！！\即刻素材 (60)(2).jpg","即刻素材 (60)(2).jpg","即刻素材 (60)(2)",".jpg","1363214"
"H:\BaiduNetdiskDownload\烧烤外卖套图\08（156张）推荐！！！！\即刻素材 (60).JPG","即刻素材 (60).JPG","即刻素材 (60)",".JPG","787483"
"H:\BaiduNetdiskDownload\烧烤外卖套图\08（156张）推荐！！！！\即刻素材 (61).jpg","即刻素材 (61).jpg","即刻素材 (61)",".jpg","1522623"
"H:\BaiduNetdiskDownload\烧烤外卖套图\08（156张）推荐！！！！\即刻素材 (62)(1).jpg","即刻素材 (62)(1).jpg","即刻素材 (62)(1)",".jpg","1973209"
"H:\BaiduNetdiskDownload\烧烤外卖套图\08（156张）推荐！！！！\即刻素材 (62).jpg","即刻素材 (62).jpg","即刻素材 (62)",".jpg","1264495"
"H:\BaiduNetdiskDownload\烧烤外卖套图\08（156张）推荐！！！！\即刻素材 (63)(1).jpg","即刻素材 (63)(1).jpg","即刻素材 (63)(1)",".jpg","3070940"
"H:\BaiduNetdiskDownload\烧烤外卖套图\08（156张）推荐！！！！\即刻素材 (63).jpg","即刻素材 (63).jpg","即刻素材 (63)",".jpg","2291140"
"H:\BaiduNetdiskDownload\烧烤外卖套图\08（156张）推荐！！！！\即刻素材 (64)(1).jpg","即刻素材 (64)(1).jpg","即刻素材 (64)(1)",".jpg","2998657"
"H:\BaiduNetdiskDownload\烧烤外卖套图\08（156张）推荐！！！！\即刻素材 (64).jpg","即刻素材 (64).jpg","即刻素材 (64)",".jpg","953411"
"H:\BaiduNetdiskDownload\烧烤外卖套图\08（156张）推荐！！！！\即刻素材 (65)(1).JPG","即刻素材 (65)(1).JPG","即刻素材 (65)(1)",".JPG","899913"
"H:\BaiduNetdiskDownload\烧烤外卖套图\08（156张）推荐！！！！\即刻素材 (65).jpg","即刻素材 (65).jpg","即刻素材 (65)",".jpg","1551499"
"H:\BaiduNetdiskDownload\烧烤外卖套图\08（156张）推荐！！！！\即刻素材 (66)(1).jpg","即刻素材 (66)(1).jpg","即刻素材 (66)(1)",".jpg","1351571"
"H:\BaiduNetdiskDownload\烧烤外卖套图\08（156张）推荐！！！！\即刻素材 (66).jpg","即刻素材 (66).jpg","即刻素材 (66)",".jpg","1380385"
"H:\BaiduNetdiskDownload\烧烤外卖套图\08（156张）推荐！！！！\即刻素材 (67).jpg","即刻素材 (67).jpg","即刻素材 (67)",".jpg","1744410"
"H:\BaiduNetdiskDownload\烧烤外卖套图\08（156张）推荐！！！！\即刻素材 (68)(1).jpg","即刻素材 (68)(1).jpg","即刻素材 (68)(1)",".jpg","449592"
"H:\BaiduNetdiskDownload\烧烤外卖套图\08（156张）推荐！！！！\即刻素材 (68)(2).jpg","即刻素材 (68)(2).jpg","即刻素材 (68)(2)",".jpg","2288080"
"H:\BaiduNetdiskDownload\烧烤外卖套图\08（156张）推荐！！！！\即刻素材 (68).jpg","即刻素材 (68).jpg","即刻素材 (68)",".jpg","2587516"
"H:\BaiduNetdiskDownload\烧烤外卖套图\08（156张）推荐！！！！\即刻素材 (69)(1).jpg","即刻素材 (69)(1).jpg","即刻素材 (69)(1)",".jpg","402321"
"H:\BaiduNetdiskDownload\烧烤外卖套图\08（156张）推荐！！！！\即刻素材 (69).jpg","即刻素材 (69).jpg","即刻素材 (69)",".jpg","4828994"
"H:\BaiduNetdiskDownload\烧烤外卖套图\08（156张）推荐！！！！\即刻素材 (7).JPG","即刻素材 (7).JPG","即刻素材 (7)",".JPG","1239818"
"H:\BaiduNetdiskDownload\烧烤外卖套图\08（156张）推荐！！！！\即刻素材 (70)(1).jpg","即刻素材 (70)(1).jpg","即刻素材 (70)(1)",".jpg","1917137"
"H:\BaiduNetdiskDownload\烧烤外卖套图\08（156张）推荐！！！！\即刻素材 (70).jpg","即刻素材 (70).jpg","即刻素材 (70)",".jpg","4521507"
"H:\BaiduNetdiskDownload\烧烤外卖套图\08（156张）推荐！！！！\即刻素材 (71)(1).jpg","即刻素材 (71)(1).jpg","即刻素材 (71)(1)",".jpg","1518945"
"H:\BaiduNetdiskDownload\烧烤外卖套图\08（156张）推荐！！！！\即刻素材 (71).JPG","即刻素材 (71).JPG","即刻素材 (71)",".JPG","944513"
"H:\BaiduNetdiskDownload\烧烤外卖套图\08（156张）推荐！！！！\即刻素材 (72)(1).jpg","即刻素材 (72)(1).jpg","即刻素材 (72)(1)",".jpg","296646"
"H:\BaiduNetdiskDownload\烧烤外卖套图\08（156张）推荐！！！！\即刻素材 (72).jpg","即刻素材 (72).jpg","即刻素材 (72)",".jpg","5282407"
"H:\BaiduNetdiskDownload\烧烤外卖套图\08（156张）推荐！！！！\即刻素材 (73).jpg","即刻素材 (73).jpg","即刻素材 (73)",".jpg","860939"
"H:\BaiduNetdiskDownload\烧烤外卖套图\08（156张）推荐！！！！\即刻素材 (74)(1).jpg","即刻素材 (74)(1).jpg","即刻素材 (74)(1)",".jpg","886602"
"H:\BaiduNetdiskDownload\烧烤外卖套图\08（156张）推荐！！！！\即刻素材 (74).jpg","即刻素材 (74).jpg","即刻素材 (74)",".jpg","5538336"
"H:\BaiduNetdiskDownload\烧烤外卖套图\08（156张）推荐！！！！\即刻素材 (75)(1).jpg","即刻素材 (75)(1).jpg","即刻素材 (75)(1)",".jpg","570948"
"H:\BaiduNetdiskDownload\烧烤外卖套图\08（156张）推荐！！！！\即刻素材 (75).jpg","即刻素材 (75).jpg","即刻素材 (75)",".jpg","6224229"
"H:\BaiduNetdiskDownload\烧烤外卖套图\08（156张）推荐！！！！\即刻素材 (76).jpg","即刻素材 (76).jpg","即刻素材 (76)",".jpg","7143177"
"H:\BaiduNetdiskDownload\烧烤外卖套图\08（156张）推荐！！！！\即刻素材 (77)(1).jpg","即刻素材 (77)(1).jpg","即刻素材 (77)(1)",".jpg","424747"
"H:\BaiduNetdiskDownload\烧烤外卖套图\08（156张）推荐！！！！\即刻素材 (77).jpg","即刻素材 (77).jpg","即刻素材 (77)",".jpg","5820790"
"H:\BaiduNetdiskDownload\烧烤外卖套图\08（156张）推荐！！！！\即刻素材 (78).jpg","即刻素材 (78).jpg","即刻素材 (78)",".jpg","11537477"
"H:\BaiduNetdiskDownload\烧烤外卖套图\08（156张）推荐！！！！\即刻素材 (79).jpg","即刻素材 (79).jpg","即刻素材 (79)",".jpg","4685076"
"H:\BaiduNetdiskDownload\烧烤外卖套图\08（156张）推荐！！！！\即刻素材 (8).JPG","即刻素材 (8).JPG","即刻素材 (8)",".JPG","825116"
"H:\BaiduNetdiskDownload\烧烤外卖套图\08（156张）推荐！！！！\即刻素材 (80).jpg","即刻素材 (80).jpg","即刻素材 (80)",".jpg","1346757"
"H:\BaiduNetdiskDownload\烧烤外卖套图\08（156张）推荐！！！！\即刻素材 (81).jpg","即刻素材 (81).jpg","即刻素材 (81)",".jpg","6557817"
"H:\BaiduNetdiskDownload\烧烤外卖套图\08（156张）推荐！！！！\即刻素材 (82).jpg","即刻素材 (82).jpg","即刻素材 (82)",".jpg","5330052"
"H:\BaiduNetdiskDownload\烧烤外卖套图\08（156张）推荐！！！！\即刻素材 (83).jpg","即刻素材 (83).jpg","即刻素材 (83)",".jpg","5284551"
"H:\BaiduNetdiskDownload\烧烤外卖套图\08（156张）推荐！！！！\即刻素材 (84).jpg","即刻素材 (84).jpg","即刻素材 (84)",".jpg","4393480"
"H:\BaiduNetdiskDownload\烧烤外卖套图\08（156张）推荐！！！！\即刻素材 (85)(1).jpg","即刻素材 (85)(1).jpg","即刻素材 (85)(1)",".jpg","1197439"
"H:\BaiduNetdiskDownload\烧烤外卖套图\08（156张）推荐！！！！\即刻素材 (85).jpg","即刻素材 (85).jpg","即刻素材 (85)",".jpg","2564555"
"H:\BaiduNetdiskDownload\烧烤外卖套图\08（156张）推荐！！！！\即刻素材 (86).jpg","即刻素材 (86).jpg","即刻素材 (86)",".jpg","4179468"
"H:\BaiduNetdiskDownload\烧烤外卖套图\08（156张）推荐！！！！\即刻素材 (87).jpg","即刻素材 (87).jpg","即刻素材 (87)",".jpg","5420525"
"H:\BaiduNetdiskDownload\烧烤外卖套图\08（156张）推荐！！！！\即刻素材 (88)(1).jpg","即刻素材 (88)(1).jpg","即刻素材 (88)(1)",".jpg","1447623"
"H:\BaiduNetdiskDownload\烧烤外卖套图\08（156张）推荐！！！！\即刻素材 (88).jpg","即刻素材 (88).jpg","即刻素材 (88)",".jpg","5784509"
"H:\BaiduNetdiskDownload\烧烤外卖套图\08（156张）推荐！！！！\即刻素材 (89).jpg","即刻素材 (89).jpg","即刻素材 (89)",".jpg","5360253"
"H:\BaiduNetdiskDownload\烧烤外卖套图\08（156张）推荐！！！！\即刻素材 (9).JPG","即刻素材 (9).JPG","即刻素材 (9)",".JPG","918463"
"H:\BaiduNetdiskDownload\烧烤外卖套图\08（156张）推荐！！！！\即刻素材 (90).jpg","即刻素材 (90).jpg","即刻素材 (90)",".jpg","5309285"
"H:\BaiduNetdiskDownload\烧烤外卖套图\08（156张）推荐！！！！\即刻素材 (93).jpg","即刻素材 (93).jpg","即刻素材 (93)",".jpg","1062817"
"H:\BaiduNetdiskDownload\烧烤外卖套图\08（156张）推荐！！！！\即刻素材 (94).jpg","即刻素材 (94).jpg","即刻素材 (94)",".jpg","1455361"
"H:\BaiduNetdiskDownload\烧烤外卖套图\08（156张）推荐！！！！\即刻素材 (95).jpg","即刻素材 (95).jpg","即刻素材 (95)",".jpg","21666963"
"H:\BaiduNetdiskDownload\烧烤外卖套图\08（156张）推荐！！！！\即刻素材 (96)(1).jpg","即刻素材 (96)(1).jpg","即刻素材 (96)(1)",".jpg","352459"
"H:\BaiduNetdiskDownload\烧烤外卖套图\08（156张）推荐！！！！\即刻素材 (97).JPG","即刻素材 (97).JPG","即刻素材 (97)",".JPG","943005"
"H:\BaiduNetdiskDownload\烧烤外卖套图\08（156张）推荐！！！！\烤年糕.jpg","烤年糕.jpg","烤年糕",".jpg","2389009"
"H:\BaiduNetdiskDownload\烧烤外卖套图\08（156张）推荐！！！！\烤秋刀鱼.jpg","烤秋刀鱼.jpg","烤秋刀鱼",".jpg","333949"
"H:\BaiduNetdiskDownload\烧烤外卖套图\08（156张）推荐！！！！\烤肉.jpg","烤肉.jpg","烤肉",".jpg","564301"
"H:\BaiduNetdiskDownload\烧烤外卖套图\08（156张）推荐！！！！\烤苕皮.jpg","烤苕皮.jpg","烤苕皮",".jpg","3981779"
"H:\BaiduNetdiskDownload\烧烤外卖套图\08（156张）推荐！！！！\烤虾.jpg","烤虾.jpg","烤虾",".jpg","620335"
"H:\BaiduNetdiskDownload\烧烤外卖套图\08（156张）推荐！！！！\烤青椒.jpg","烤青椒.jpg","烤青椒",".jpg","619342"
"H:\BaiduNetdiskDownload\烧烤外卖套图\08（156张）推荐！！！！\烤鱿鱼.jpg","烤鱿鱼.jpg","烤鱿鱼",".jpg","467398"
"H:\BaiduNetdiskDownload\烧烤外卖套图\08（156张）推荐！！！！\烤鲳鱼.jpg","烤鲳鱼.jpg","烤鲳鱼",".jpg","378001"
"H:\BaiduNetdiskDownload\烧烤外卖套图\08（156张）推荐！！！！\烤鸡尖.jpg","烤鸡尖.jpg","烤鸡尖",".jpg","651908"
"H:\BaiduNetdiskDownload\烧烤外卖套图\08（156张）推荐！！！！\烤鸡爪2.jpg","烤鸡爪2.jpg","烤鸡爪2",".jpg","545228"
"H:\BaiduNetdiskDownload\烧烤外卖套图\08（156张）推荐！！！！\烤鸡翅.jpg","烤鸡翅.jpg","烤鸡翅",".jpg","501537"
