"Index","FullName","Name","BaseName","Ext","Size"
"1","H:\BaiduNetdiskDownload\烧烤外卖套图\08（156张）推荐！！！！\即刻素材 (1).jpg","即刻素材 (1).jpg","即刻素材 (1)",".jpg","1487600"
"2","H:\BaiduNetdiskDownload\烧烤外卖套图\08（156张）推荐！！！！\即刻素材 (10).JPG","即刻素材 (10).JPG","即刻素材 (10)",".JPG","970997"
"3","H:\BaiduNetdiskDownload\烧烤外卖套图\08（156张）推荐！！！！\即刻素材 (11).JPG","即刻素材 (11).JPG","即刻素材 (11)",".JPG","1333723"
"4","H:\BaiduNetdiskDownload\烧烤外卖套图\08（156张）推荐！！！！\即刻素材 (112).JPG","即刻素材 (112).JPG","即刻素材 (112)",".JPG","1550684"
"5","H:\BaiduNetdiskDownload\烧烤外卖套图\08（156张）推荐！！！！\即刻素材 (117).JPG","即刻素材 (117).JPG","即刻素材 (117)",".JPG","912122"
"6","H:\BaiduNetdiskDownload\烧烤外卖套图\08（156张）推荐！！！！\即刻素材 (118).JPG","即刻素材 (118).JPG","即刻素材 (118)",".JPG","858879"
"7","H:\BaiduNetdiskDownload\烧烤外卖套图\08（156张）推荐！！！！\即刻素材 (119).jpg","即刻素材 (119).jpg","即刻素材 (119)",".jpg","323528"
"8","H:\BaiduNetdiskDownload\烧烤外卖套图\08（156张）推荐！！！！\即刻素材 (12).jpg","即刻素材 (12).jpg","即刻素材 (12)",".jpg","1418052"
"9","H:\BaiduNetdiskDownload\烧烤外卖套图\08（156张）推荐！！！！\即刻素材 (124).jpg","即刻素材 (124).jpg","即刻素材 (124)",".jpg","1622859"
"10","H:\BaiduNetdiskDownload\烧烤外卖套图\08（156张）推荐！！！！\即刻素材 (125).jpg","即刻素材 (125).jpg","即刻素材 (125)",".jpg","1381253"
"11","H:\BaiduNetdiskDownload\烧烤外卖套图\08（156张）推荐！！！！\即刻素材 (13).jpg","即刻素材 (13).jpg","即刻素材 (13)",".jpg","837501"
"12","H:\BaiduNetdiskDownload\烧烤外卖套图\08（156张）推荐！！！！\即刻素材 (14)(1)(1).jpg","即刻素材 (14)(1)(1).jpg","即刻素材 (14)(1)(1)",".jpg","1623045"
"13","H:\BaiduNetdiskDownload\烧烤外卖套图\08（156张）推荐！！！！\即刻素材 (14)(1).jpg","即刻素材 (14)(1).jpg","即刻素材 (14)(1)",".jpg","3050141"
"14","H:\BaiduNetdiskDownload\烧烤外卖套图\08（156张）推荐！！！！\即刻素材 (14).jpg","即刻素材 (14).jpg","即刻素材 (14)",".jpg","961880"
"15","H:\BaiduNetdiskDownload\烧烤外卖套图\08（156张）推荐！！！！\即刻素材 (15).jpg","即刻素材 (15).jpg","即刻素材 (15)",".jpg","1084954"
"16","H:\BaiduNetdiskDownload\烧烤外卖套图\08（156张）推荐！！！！\即刻素材 (16)(1).jpg","即刻素材 (16)(1).jpg","即刻素材 (16)(1)",".jpg","3521965"
"17","H:\BaiduNetdiskDownload\烧烤外卖套图\08（156张）推荐！！！！\即刻素材 (16).jpg","即刻素材 (16).jpg","即刻素材 (16)",".jpg","1021867"
"18","H:\BaiduNetdiskDownload\烧烤外卖套图\08（156张）推荐！！！！\即刻素材 (17).jpg","即刻素材 (17).jpg","即刻素材 (17)",".jpg","2087815"
"19","H:\BaiduNetdiskDownload\烧烤外卖套图\08（156张）推荐！！！！\即刻素材 (18).jpg","即刻素材 (18).jpg","即刻素材 (18)",".jpg","7127301"
"20","H:\BaiduNetdiskDownload\烧烤外卖套图\08（156张）推荐！！！！\即刻素材 (19)(1).jpg","即刻素材 (19)(1).jpg","即刻素材 (19)(1)",".jpg","1924354"
"21","H:\BaiduNetdiskDownload\烧烤外卖套图\08（156张）推荐！！！！\即刻素材 (19).jpg","即刻素材 (19).jpg","即刻素材 (19)",".jpg","1981790"
"22","H:\BaiduNetdiskDownload\烧烤外卖套图\08（156张）推荐！！！！\即刻素材 (2).jpg","即刻素材 (2).jpg","即刻素材 (2)",".jpg","1740557"
"23","H:\BaiduNetdiskDownload\烧烤外卖套图\08（156张）推荐！！！！\即刻素材 (20).jpg","即刻素材 (20).jpg","即刻素材 (20)",".jpg","9130725"
"24","H:\BaiduNetdiskDownload\烧烤外卖套图\08（156张）推荐！！！！\即刻素材 (21)(1).jpg","即刻素材 (21)(1).jpg","即刻素材 (21)(1)",".jpg","948667"
"25","H:\BaiduNetdiskDownload\烧烤外卖套图\08（156张）推荐！！！！\即刻素材 (21).jpg","即刻素材 (21).jpg","即刻素材 (21)",".jpg","11265749"
"26","H:\BaiduNetdiskDownload\烧烤外卖套图\08（156张）推荐！！！！\即刻素材 (22).jpg","即刻素材 (22).jpg","即刻素材 (22)",".jpg","13746782"
"27","H:\BaiduNetdiskDownload\烧烤外卖套图\08（156张）推荐！！！！\即刻素材 (23)(1).jpg","即刻素材 (23)(1).jpg","即刻素材 (23)(1)",".jpg","19381256"
"28","H:\BaiduNetdiskDownload\烧烤外卖套图\08（156张）推荐！！！！\即刻素材 (23).jpg","即刻素材 (23).jpg","即刻素材 (23)",".jpg","11409413"
"29","H:\BaiduNetdiskDownload\烧烤外卖套图\08（156张）推荐！！！！\即刻素材 (24).jpg","即刻素材 (24).jpg","即刻素材 (24)",".jpg","12162860"
"30","H:\BaiduNetdiskDownload\烧烤外卖套图\08（156张）推荐！！！！\即刻素材 (25)(1).jpg","即刻素材 (25)(1).jpg","即刻素材 (25)(1)",".jpg","1506974"
"31","H:\BaiduNetdiskDownload\烧烤外卖套图\08（156张）推荐！！！！\即刻素材 (25).jpg","即刻素材 (25).jpg","即刻素材 (25)",".jpg","7143177"
"32","H:\BaiduNetdiskDownload\烧烤外卖套图\08（156张）推荐！！！！\即刻素材 (26).jpg","即刻素材 (26).jpg","即刻素材 (26)",".jpg","7632517"
"33","H:\BaiduNetdiskDownload\烧烤外卖套图\08（156张）推荐！！！！\即刻素材 (27).jpg","即刻素材 (27).jpg","即刻素材 (27)",".jpg","5330052"
"34","H:\BaiduNetdiskDownload\烧烤外卖套图\08（156张）推荐！！！！\即刻素材 (28)(1).jpg","即刻素材 (28)(1).jpg","即刻素材 (28)(1)",".jpg","5216637"
"35","H:\BaiduNetdiskDownload\烧烤外卖套图\08（156张）推荐！！！！\即刻素材 (28).JPG","即刻素材 (28).JPG","即刻素材 (28)",".JPG","1710446"
"36","H:\BaiduNetdiskDownload\烧烤外卖套图\08（156张）推荐！！！！\即刻素材 (29).jpg","即刻素材 (29).jpg","即刻素材 (29)",".jpg","5282407"
"37","H:\BaiduNetdiskDownload\烧烤外卖套图\08（156张）推荐！！！！\即刻素材 (3)(1).jpg","即刻素材 (3)(1).jpg","即刻素材 (3)(1)",".jpg","2063764"
"38","H:\BaiduNetdiskDownload\烧烤外卖套图\08（156张）推荐！！！！\即刻素材 (3).jpg","即刻素材 (3).jpg","即刻素材 (3)",".jpg","2151563"
"39","H:\BaiduNetdiskDownload\烧烤外卖套图\08（156张）推荐！！！！\即刻素材 (30)(1).jpg","即刻素材 (30)(1).jpg","即刻素材 (30)(1)",".jpg","18081745"
"40","H:\BaiduNetdiskDownload\烧烤外卖套图\08（156张）推荐！！！！\即刻素材 (30)(2).jpg","即刻素材 (30)(2).jpg","即刻素材 (30)(2)",".jpg","1512544"
"41","H:\BaiduNetdiskDownload\烧烤外卖套图\08（156张）推荐！！！！\即刻素材 (30).jpg","即刻素材 (30).jpg","即刻素材 (30)",".jpg","4828994"
"42","H:\BaiduNetdiskDownload\烧烤外卖套图\08（156张）推荐！！！！\即刻素材 (31)(1).jpg","即刻素材 (31)(1).jpg","即刻素材 (31)(1)",".jpg","19831232"
"43","H:\BaiduNetdiskDownload\烧烤外卖套图\08（156张）推荐！！！！\即刻素材 (31).jpg","即刻素材 (31).jpg","即刻素材 (31)",".jpg","9211227"
"44","H:\BaiduNetdiskDownload\烧烤外卖套图\08（156张）推荐！！！！\即刻素材 (32)(1).jpg","即刻素材 (32)(1).jpg","即刻素材 (32)(1)",".jpg","19249496"
"45","H:\BaiduNetdiskDownload\烧烤外卖套图\08（156张）推荐！！！！\即刻素材 (32).jpg","即刻素材 (32).jpg","即刻素材 (32)",".jpg","3834901"
"46","H:\BaiduNetdiskDownload\烧烤外卖套图\08（156张）推荐！！！！\即刻素材 (33)(1).jpg","即刻素材 (33)(1).jpg","即刻素材 (33)(1)",".jpg","22442451"
"47","H:\BaiduNetdiskDownload\烧烤外卖套图\08（156张）推荐！！！！\即刻素材 (33).jpg","即刻素材 (33).jpg","即刻素材 (33)",".jpg","2278342"
"48","H:\BaiduNetdiskDownload\烧烤外卖套图\08（156张）推荐！！！！\即刻素材 (34).jpg","即刻素材 (34).jpg","即刻素材 (34)",".jpg","2072876"
"49","H:\BaiduNetdiskDownload\烧烤外卖套图\08（156张）推荐！！！！\即刻素材 (35).jpg","即刻素材 (35).jpg","即刻素材 (35)",".jpg","2376931"
"50","H:\BaiduNetdiskDownload\烧烤外卖套图\08（156张）推荐！！！！\即刻素材 (36).jpg","即刻素材 (36).jpg","即刻素材 (36)",".jpg","2821396"
"51","H:\BaiduNetdiskDownload\烧烤外卖套图\08（156张）推荐！！！！\即刻素材 (37)(1).jpg","即刻素材 (37)(1).jpg","即刻素材 (37)(1)",".jpg","933587"
"52","H:\BaiduNetdiskDownload\烧烤外卖套图\08（156张）推荐！！！！\即刻素材 (37).JPG","即刻素材 (37).JPG","即刻素材 (37)",".JPG","744114"
"53","H:\BaiduNetdiskDownload\烧烤外卖套图\08（156张）推荐！！！！\即刻素材 (38).jpg","即刻素材 (38).jpg","即刻素材 (38)",".jpg","1577499"
"54","H:\BaiduNetdiskDownload\烧烤外卖套图\08（156张）推荐！！！！\即刻素材 (39).jpg","即刻素材 (39).jpg","即刻素材 (39)",".jpg","1535508"
"55","H:\BaiduNetdiskDownload\烧烤外卖套图\08（156张）推荐！！！！\即刻素材 (4).jpg","即刻素材 (4).jpg","即刻素材 (4)",".jpg","1555125"
"56","H:\BaiduNetdiskDownload\烧烤外卖套图\08（156张）推荐！！！！\即刻素材 (40).jpg","即刻素材 (40).jpg","即刻素材 (40)",".jpg","736947"
"57","H:\BaiduNetdiskDownload\烧烤外卖套图\08（156张）推荐！！！！\即刻素材 (41).jpg","即刻素材 (41).jpg","即刻素材 (41)",".jpg","1621485"
"58","H:\BaiduNetdiskDownload\烧烤外卖套图\08（156张）推荐！！！！\即刻素材 (42).jpg","即刻素材 (42).jpg","即刻素材 (42)",".jpg","1104527"
"59","H:\BaiduNetdiskDownload\烧烤外卖套图\08（156张）推荐！！！！\即刻素材 (43)(1).jpg","即刻素材 (43)(1).jpg","即刻素材 (43)(1)",".jpg","890224"
"60","H:\BaiduNetdiskDownload\烧烤外卖套图\08（156张）推荐！！！！\即刻素材 (43).JPG","即刻素材 (43).JPG","即刻素材 (43)",".JPG","1659485"
"61","H:\BaiduNetdiskDownload\烧烤外卖套图\08（156张）推荐！！！！\即刻素材 (44)(1).jpg","即刻素材 (44)(1).jpg","即刻素材 (44)(1)",".jpg","1610742"
"62","H:\BaiduNetdiskDownload\烧烤外卖套图\08（156张）推荐！！！！\即刻素材 (44).JPG","即刻素材 (44).JPG","即刻素材 (44)",".JPG","1418711"
"63","H:\BaiduNetdiskDownload\烧烤外卖套图\08（156张）推荐！！！！\即刻素材 (45).jpg","即刻素材 (45).jpg","即刻素材 (45)",".jpg","1394009"
"64","H:\BaiduNetdiskDownload\烧烤外卖套图\08（156张）推荐！！！！\即刻素材 (46).jpg","即刻素材 (46).jpg","即刻素材 (46)",".jpg","1549155"
"65","H:\BaiduNetdiskDownload\烧烤外卖套图\08（156张）推荐！！！！\即刻素材 (47).jpg","即刻素材 (47).jpg","即刻素材 (47)",".jpg","2051691"
"66","H:\BaiduNetdiskDownload\烧烤外卖套图\08（156张）推荐！！！！\即刻素材 (48)(1).jpg","即刻素材 (48)(1).jpg","即刻素材 (48)(1)",".jpg","417150"
"67","H:\BaiduNetdiskDownload\烧烤外卖套图\08（156张）推荐！！！！\即刻素材 (48).jpg","即刻素材 (48).jpg","即刻素材 (48)",".jpg","1637197"
"68","H:\BaiduNetdiskDownload\烧烤外卖套图\08（156张）推荐！！！！\即刻素材 (49).jpg","即刻素材 (49).jpg","即刻素材 (49)",".jpg","1656272"
"69","H:\BaiduNetdiskDownload\烧烤外卖套图\08（156张）推荐！！！！\即刻素材 (5)(1).jpg","即刻素材 (5)(1).jpg","即刻素材 (5)(1)",".jpg","1395035"
"70","H:\BaiduNetdiskDownload\烧烤外卖套图\08（156张）推荐！！！！\即刻素材 (5).jpg","即刻素材 (5).jpg","即刻素材 (5)",".jpg","2126245"
"71","H:\BaiduNetdiskDownload\烧烤外卖套图\08（156张）推荐！！！！\即刻素材 (50)(1).jpg","即刻素材 (50)(1).jpg","即刻素材 (50)(1)",".jpg","1482922"
"72","H:\BaiduNetdiskDownload\烧烤外卖套图\08（156张）推荐！！！！\即刻素材 (50).JPG","即刻素材 (50).JPG","即刻素材 (50)",".JPG","837706"
"73","H:\BaiduNetdiskDownload\烧烤外卖套图\08（156张）推荐！！！！\即刻素材 (51).jpg","即刻素材 (51).jpg","即刻素材 (51)",".jpg","11587701"
"74","H:\BaiduNetdiskDownload\烧烤外卖套图\08（156张）推荐！！！！\即刻素材 (52).jpg","即刻素材 (52).jpg","即刻素材 (52)",".jpg","1499842"
"75","H:\BaiduNetdiskDownload\烧烤外卖套图\08（156张）推荐！！！！\即刻素材 (53)(1).jpg","即刻素材 (53)(1).jpg","即刻素材 (53)(1)",".jpg","2597658"
"76","H:\BaiduNetdiskDownload\烧烤外卖套图\08（156张）推荐！！！！\即刻素材 (53).jpg","即刻素材 (53).jpg","即刻素材 (53)",".jpg","751679"
"77","H:\BaiduNetdiskDownload\烧烤外卖套图\08（156张）推荐！！！！\即刻素材 (54)(1).jpg","即刻素材 (54)(1).jpg","即刻素材 (54)(1)",".jpg","1841008"
"78","H:\BaiduNetdiskDownload\烧烤外卖套图\08（156张）推荐！！！！\即刻素材 (54).jpg","即刻素材 (54).jpg","即刻素材 (54)",".jpg","1376118"
"79","H:\BaiduNetdiskDownload\烧烤外卖套图\08（156张）推荐！！！！\即刻素材 (55).jpg","即刻素材 (55).jpg","即刻素材 (55)",".jpg","892380"
"80","H:\BaiduNetdiskDownload\烧烤外卖套图\08（156张）推荐！！！！\即刻素材 (56)(1).jpg","即刻素材 (56)(1).jpg","即刻素材 (56)(1)",".jpg","1771837"
"81","H:\BaiduNetdiskDownload\烧烤外卖套图\08（156张）推荐！！！！\即刻素材 (56).jpg","即刻素材 (56).jpg","即刻素材 (56)",".jpg","931555"
"82","H:\BaiduNetdiskDownload\烧烤外卖套图\08（156张）推荐！！！！\即刻素材 (57).jpg","即刻素材 (57).jpg","即刻素材 (57)",".jpg","1350574"
"83","H:\BaiduNetdiskDownload\烧烤外卖套图\08（156张）推荐！！！！\即刻素材 (58)(1).jpg","即刻素材 (58)(1).jpg","即刻素材 (58)(1)",".jpg","2596164"
"84","H:\BaiduNetdiskDownload\烧烤外卖套图\08（156张）推荐！！！！\即刻素材 (58).jpg","即刻素材 (58).jpg","即刻素材 (58)",".jpg","1429696"
"85","H:\BaiduNetdiskDownload\烧烤外卖套图\08（156张）推荐！！！！\即刻素材 (59).jpg","即刻素材 (59).jpg","即刻素材 (59)",".jpg","1613646"
"86","H:\BaiduNetdiskDownload\烧烤外卖套图\08（156张）推荐！！！！\即刻素材 (6).JPG","即刻素材 (6).JPG","即刻素材 (6)",".JPG","1421162"
"87","H:\BaiduNetdiskDownload\烧烤外卖套图\08（156张）推荐！！！！\即刻素材 (60)(1).jpg","即刻素材 (60)(1).jpg","即刻素材 (60)(1)",".jpg","2158281"
"88","H:\BaiduNetdiskDownload\烧烤外卖套图\08（156张）推荐！！！！\即刻素材 (60)(2).jpg","即刻素材 (60)(2).jpg","即刻素材 (60)(2)",".jpg","1363214"
"89","H:\BaiduNetdiskDownload\烧烤外卖套图\08（156张）推荐！！！！\即刻素材 (60).JPG","即刻素材 (60).JPG","即刻素材 (60)",".JPG","787483"
"90","H:\BaiduNetdiskDownload\烧烤外卖套图\08（156张）推荐！！！！\即刻素材 (61).jpg","即刻素材 (61).jpg","即刻素材 (61)",".jpg","1522623"
"91","H:\BaiduNetdiskDownload\烧烤外卖套图\08（156张）推荐！！！！\即刻素材 (62)(1).jpg","即刻素材 (62)(1).jpg","即刻素材 (62)(1)",".jpg","1973209"
"92","H:\BaiduNetdiskDownload\烧烤外卖套图\08（156张）推荐！！！！\即刻素材 (62).jpg","即刻素材 (62).jpg","即刻素材 (62)",".jpg","1264495"
"93","H:\BaiduNetdiskDownload\烧烤外卖套图\08（156张）推荐！！！！\即刻素材 (63)(1).jpg","即刻素材 (63)(1).jpg","即刻素材 (63)(1)",".jpg","3070940"
"94","H:\BaiduNetdiskDownload\烧烤外卖套图\08（156张）推荐！！！！\即刻素材 (63).jpg","即刻素材 (63).jpg","即刻素材 (63)",".jpg","2291140"
"95","H:\BaiduNetdiskDownload\烧烤外卖套图\08（156张）推荐！！！！\即刻素材 (64)(1).jpg","即刻素材 (64)(1).jpg","即刻素材 (64)(1)",".jpg","2998657"
"96","H:\BaiduNetdiskDownload\烧烤外卖套图\08（156张）推荐！！！！\即刻素材 (64).jpg","即刻素材 (64).jpg","即刻素材 (64)",".jpg","953411"
"97","H:\BaiduNetdiskDownload\烧烤外卖套图\08（156张）推荐！！！！\即刻素材 (65)(1).JPG","即刻素材 (65)(1).JPG","即刻素材 (65)(1)",".JPG","899913"
"98","H:\BaiduNetdiskDownload\烧烤外卖套图\08（156张）推荐！！！！\即刻素材 (65).jpg","即刻素材 (65).jpg","即刻素材 (65)",".jpg","1551499"
"99","H:\BaiduNetdiskDownload\烧烤外卖套图\08（156张）推荐！！！！\即刻素材 (66)(1).jpg","即刻素材 (66)(1).jpg","即刻素材 (66)(1)",".jpg","1351571"
"100","H:\BaiduNetdiskDownload\烧烤外卖套图\08（156张）推荐！！！！\即刻素材 (66).jpg","即刻素材 (66).jpg","即刻素材 (66)",".jpg","1380385"
"101","H:\BaiduNetdiskDownload\烧烤外卖套图\08（156张）推荐！！！！\即刻素材 (67).jpg","即刻素材 (67).jpg","即刻素材 (67)",".jpg","1744410"
"102","H:\BaiduNetdiskDownload\烧烤外卖套图\08（156张）推荐！！！！\即刻素材 (68)(1).jpg","即刻素材 (68)(1).jpg","即刻素材 (68)(1)",".jpg","449592"
"103","H:\BaiduNetdiskDownload\烧烤外卖套图\08（156张）推荐！！！！\即刻素材 (68)(2).jpg","即刻素材 (68)(2).jpg","即刻素材 (68)(2)",".jpg","2288080"
"104","H:\BaiduNetdiskDownload\烧烤外卖套图\08（156张）推荐！！！！\即刻素材 (68).jpg","即刻素材 (68).jpg","即刻素材 (68)",".jpg","2587516"
"105","H:\BaiduNetdiskDownload\烧烤外卖套图\08（156张）推荐！！！！\即刻素材 (69)(1).jpg","即刻素材 (69)(1).jpg","即刻素材 (69)(1)",".jpg","402321"
"106","H:\BaiduNetdiskDownload\烧烤外卖套图\08（156张）推荐！！！！\即刻素材 (69).jpg","即刻素材 (69).jpg","即刻素材 (69)",".jpg","4828994"
"107","H:\BaiduNetdiskDownload\烧烤外卖套图\08（156张）推荐！！！！\即刻素材 (7).JPG","即刻素材 (7).JPG","即刻素材 (7)",".JPG","1239818"
"108","H:\BaiduNetdiskDownload\烧烤外卖套图\08（156张）推荐！！！！\即刻素材 (70)(1).jpg","即刻素材 (70)(1).jpg","即刻素材 (70)(1)",".jpg","1917137"
"109","H:\BaiduNetdiskDownload\烧烤外卖套图\08（156张）推荐！！！！\即刻素材 (70).jpg","即刻素材 (70).jpg","即刻素材 (70)",".jpg","4521507"
"110","H:\BaiduNetdiskDownload\烧烤外卖套图\08（156张）推荐！！！！\即刻素材 (71)(1).jpg","即刻素材 (71)(1).jpg","即刻素材 (71)(1)",".jpg","1518945"
"111","H:\BaiduNetdiskDownload\烧烤外卖套图\08（156张）推荐！！！！\即刻素材 (71).JPG","即刻素材 (71).JPG","即刻素材 (71)",".JPG","944513"
"112","H:\BaiduNetdiskDownload\烧烤外卖套图\08（156张）推荐！！！！\即刻素材 (72)(1).jpg","即刻素材 (72)(1).jpg","即刻素材 (72)(1)",".jpg","296646"
"113","H:\BaiduNetdiskDownload\烧烤外卖套图\08（156张）推荐！！！！\即刻素材 (72).jpg","即刻素材 (72).jpg","即刻素材 (72)",".jpg","5282407"
"114","H:\BaiduNetdiskDownload\烧烤外卖套图\08（156张）推荐！！！！\即刻素材 (73).jpg","即刻素材 (73).jpg","即刻素材 (73)",".jpg","860939"
"115","H:\BaiduNetdiskDownload\烧烤外卖套图\08（156张）推荐！！！！\即刻素材 (74)(1).jpg","即刻素材 (74)(1).jpg","即刻素材 (74)(1)",".jpg","886602"
"116","H:\BaiduNetdiskDownload\烧烤外卖套图\08（156张）推荐！！！！\即刻素材 (74).jpg","即刻素材 (74).jpg","即刻素材 (74)",".jpg","5538336"
"117","H:\BaiduNetdiskDownload\烧烤外卖套图\08（156张）推荐！！！！\即刻素材 (75)(1).jpg","即刻素材 (75)(1).jpg","即刻素材 (75)(1)",".jpg","570948"
"118","H:\BaiduNetdiskDownload\烧烤外卖套图\08（156张）推荐！！！！\即刻素材 (75).jpg","即刻素材 (75).jpg","即刻素材 (75)",".jpg","6224229"
"119","H:\BaiduNetdiskDownload\烧烤外卖套图\08（156张）推荐！！！！\即刻素材 (76).jpg","即刻素材 (76).jpg","即刻素材 (76)",".jpg","7143177"
"120","H:\BaiduNetdiskDownload\烧烤外卖套图\08（156张）推荐！！！！\即刻素材 (77)(1).jpg","即刻素材 (77)(1).jpg","即刻素材 (77)(1)",".jpg","424747"
"121","H:\BaiduNetdiskDownload\烧烤外卖套图\08（156张）推荐！！！！\即刻素材 (77).jpg","即刻素材 (77).jpg","即刻素材 (77)",".jpg","5820790"
"122","H:\BaiduNetdiskDownload\烧烤外卖套图\08（156张）推荐！！！！\即刻素材 (78).jpg","即刻素材 (78).jpg","即刻素材 (78)",".jpg","11537477"
"123","H:\BaiduNetdiskDownload\烧烤外卖套图\08（156张）推荐！！！！\即刻素材 (79).jpg","即刻素材 (79).jpg","即刻素材 (79)",".jpg","4685076"
"124","H:\BaiduNetdiskDownload\烧烤外卖套图\08（156张）推荐！！！！\即刻素材 (8).JPG","即刻素材 (8).JPG","即刻素材 (8)",".JPG","825116"
"125","H:\BaiduNetdiskDownload\烧烤外卖套图\08（156张）推荐！！！！\即刻素材 (80).jpg","即刻素材 (80).jpg","即刻素材 (80)",".jpg","1346757"
"126","H:\BaiduNetdiskDownload\烧烤外卖套图\08（156张）推荐！！！！\即刻素材 (81).jpg","即刻素材 (81).jpg","即刻素材 (81)",".jpg","6557817"
"127","H:\BaiduNetdiskDownload\烧烤外卖套图\08（156张）推荐！！！！\即刻素材 (82).jpg","即刻素材 (82).jpg","即刻素材 (82)",".jpg","5330052"
"128","H:\BaiduNetdiskDownload\烧烤外卖套图\08（156张）推荐！！！！\即刻素材 (83).jpg","即刻素材 (83).jpg","即刻素材 (83)",".jpg","5284551"
"129","H:\BaiduNetdiskDownload\烧烤外卖套图\08（156张）推荐！！！！\即刻素材 (84).jpg","即刻素材 (84).jpg","即刻素材 (84)",".jpg","4393480"
"130","H:\BaiduNetdiskDownload\烧烤外卖套图\08（156张）推荐！！！！\即刻素材 (85)(1).jpg","即刻素材 (85)(1).jpg","即刻素材 (85)(1)",".jpg","1197439"
"131","H:\BaiduNetdiskDownload\烧烤外卖套图\08（156张）推荐！！！！\即刻素材 (85).jpg","即刻素材 (85).jpg","即刻素材 (85)",".jpg","2564555"
"132","H:\BaiduNetdiskDownload\烧烤外卖套图\08（156张）推荐！！！！\即刻素材 (86).jpg","即刻素材 (86).jpg","即刻素材 (86)",".jpg","4179468"
"133","H:\BaiduNetdiskDownload\烧烤外卖套图\08（156张）推荐！！！！\即刻素材 (87).jpg","即刻素材 (87).jpg","即刻素材 (87)",".jpg","5420525"
"134","H:\BaiduNetdiskDownload\烧烤外卖套图\08（156张）推荐！！！！\即刻素材 (88)(1).jpg","即刻素材 (88)(1).jpg","即刻素材 (88)(1)",".jpg","1447623"
"135","H:\BaiduNetdiskDownload\烧烤外卖套图\08（156张）推荐！！！！\即刻素材 (88).jpg","即刻素材 (88).jpg","即刻素材 (88)",".jpg","5784509"
"136","H:\BaiduNetdiskDownload\烧烤外卖套图\08（156张）推荐！！！！\即刻素材 (89).jpg","即刻素材 (89).jpg","即刻素材 (89)",".jpg","5360253"
"137","H:\BaiduNetdiskDownload\烧烤外卖套图\08（156张）推荐！！！！\即刻素材 (9).JPG","即刻素材 (9).JPG","即刻素材 (9)",".JPG","918463"
"138","H:\BaiduNetdiskDownload\烧烤外卖套图\08（156张）推荐！！！！\即刻素材 (90).jpg","即刻素材 (90).jpg","即刻素材 (90)",".jpg","5309285"
"139","H:\BaiduNetdiskDownload\烧烤外卖套图\08（156张）推荐！！！！\即刻素材 (93).jpg","即刻素材 (93).jpg","即刻素材 (93)",".jpg","1062817"
"140","H:\BaiduNetdiskDownload\烧烤外卖套图\08（156张）推荐！！！！\即刻素材 (94).jpg","即刻素材 (94).jpg","即刻素材 (94)",".jpg","1455361"
"141","H:\BaiduNetdiskDownload\烧烤外卖套图\08（156张）推荐！！！！\即刻素材 (95).jpg","即刻素材 (95).jpg","即刻素材 (95)",".jpg","21666963"
"142","H:\BaiduNetdiskDownload\烧烤外卖套图\08（156张）推荐！！！！\即刻素材 (96)(1).jpg","即刻素材 (96)(1).jpg","即刻素材 (96)(1)",".jpg","352459"
"143","H:\BaiduNetdiskDownload\烧烤外卖套图\08（156张）推荐！！！！\即刻素材 (97).JPG","即刻素材 (97).JPG","即刻素材 (97)",".JPG","943005"
"144","H:\BaiduNetdiskDownload\烧烤外卖套图\08（156张）推荐！！！！\烤鲳鱼.jpg","烤鲳鱼.jpg","烤鲳鱼",".jpg","378001"
"145","H:\BaiduNetdiskDownload\烧烤外卖套图\08（156张）推荐！！！！\烤鸡翅.jpg","烤鸡翅.jpg","烤鸡翅",".jpg","501537"
"146","H:\BaiduNetdiskDownload\烧烤外卖套图\08（156张）推荐！！！！\烤鸡尖.jpg","烤鸡尖.jpg","烤鸡尖",".jpg","651908"
"147","H:\BaiduNetdiskDownload\烧烤外卖套图\08（156张）推荐！！！！\烤鸡爪2.jpg","烤鸡爪2.jpg","烤鸡爪2",".jpg","545228"
"148","H:\BaiduNetdiskDownload\烧烤外卖套图\08（156张）推荐！！！！\烤年糕.jpg","烤年糕.jpg","烤年糕",".jpg","2389009"
"149","H:\BaiduNetdiskDownload\烧烤外卖套图\08（156张）推荐！！！！\烤青椒.jpg","烤青椒.jpg","烤青椒",".jpg","619342"
"150","H:\BaiduNetdiskDownload\烧烤外卖套图\08（156张）推荐！！！！\烤秋刀鱼.jpg","烤秋刀鱼.jpg","烤秋刀鱼",".jpg","333949"
"151","H:\BaiduNetdiskDownload\烧烤外卖套图\08（156张）推荐！！！！\烤肉.jpg","烤肉.jpg","烤肉",".jpg","564301"
"152","H:\BaiduNetdiskDownload\烧烤外卖套图\08（156张）推荐！！！！\烤苕皮.jpg","烤苕皮.jpg","烤苕皮",".jpg","3981779"
"153","H:\BaiduNetdiskDownload\烧烤外卖套图\08（156张）推荐！！！！\烤虾.jpg","烤虾.jpg","烤虾",".jpg","620335"
"154","H:\BaiduNetdiskDownload\烧烤外卖套图\08（156张）推荐！！！！\烤鱿鱼.jpg","烤鱿鱼.jpg","烤鱿鱼",".jpg","467398"
"155","H:\BaiduNetdiskDownload\烧烤外卖套图\08（156张）推荐！！！！\五花肉.jpg","五花肉.jpg","五花肉",".jpg","474800"
